station_id,error
0,1.0005573782152024
1,5.669922892523236
2,7.146928896269339
3,0.0
4,2.9013453257168353
5,3.621927255735145
6,5.678833642825802
7,0.0
