station_id,error
0,2.111001447286879
1,8.992082136480747
2,8.188872052712332
3,11.772712685674406
4,8.59831470389399
5,4.376601913347865
6,5.678833642825802
7,2.3319155612300717
